Workbook

Sheet Register
A1: ID | B1: Názov (stručne) | C1: Detail / poznámka k položke | D1: Owner (zodpovedný) | E1: Link | F1: Typ | G1: Oblasť | H1: Priorita | I1: Delivery stav (interný) | J1: Čaká na (kto) | K1: Integrácia? | L1: Biznis? | M1: Aktuálny riešiteľ | N1: Poznámky / posledná aktivita | O1: Deadline | P1: Release / dodávka | Q1: Prostredie (aktuálne) | R1: Dátum nasadenia (aktuálne) | S1: Plán nasadenia (dátum)
K2: =IF(OR($I2="Čaká na integráciu",$J2="Integrácia"),"ÁNO","") | L2: =IF(OR($I2="Čaká na biznis",$J2="Biznis",$J2="Švédsky biznis"),"ÁNO","")
K3: =IF(OR($I3="Čaká na integráciu",$J3="Integrácia"),"ÁNO","") | L3: =IF(OR($I3="Čaká na biznis",$J3="Biznis",$J3="Švédsky biznis"),"ÁNO","")
K4: =IF(OR($I4="Čaká na integráciu",$J4="Integrácia"),"ÁNO","") | L4: =IF(OR($I4="Čaká na biznis",$J4="Biznis",$J4="Švédsky biznis"),"ÁNO","")
K5: =IF(OR($I5="Čaká na integráciu",$J5="Integrácia"),"ÁNO","") | L5: =IF(OR($I5="Čaká na biznis",$J5="Biznis",$J5="Švédsky biznis"),"ÁNO","")
K6: =IF(OR($I6="Čaká na integráciu",$J6="Integrácia"),"ÁNO","") | L6: =IF(OR($I6="Čaká na biznis",$J6="Biznis",$J6="Švédsky biznis"),"ÁNO","")
K7: =IF(OR($I7="Čaká na integráciu",$J7="Integrácia"),"ÁNO","") | L7: =IF(OR($I7="Čaká na biznis",$J7="Biznis",$J7="Švédsky biznis"),"ÁNO","")
K8: =IF(OR($I8="Čaká na integráciu",$J8="Integrácia"),"ÁNO","") | L8: =IF(OR($I8="Čaká na biznis",$J8="Biznis",$J8="Švédsky biznis"),"ÁNO","")
K9: =IF(OR($I9="Čaká na integráciu",$J9="Integrácia"),"ÁNO","") | L9: =IF(OR($I9="Čaká na biznis",$J9="Biznis",$J9="Švédsky biznis"),"ÁNO","")
K10: =IF(OR($I10="Čaká na integráciu",$J10="Integrácia"),"ÁNO","") | L10: =IF(OR($I10="Čaká na biznis",$J10="Biznis",$J10="Švédsky biznis"),"ÁNO","")
K11: =IF(OR($I11="Čaká na integráciu",$J11="Integrácia"),"ÁNO","") | L11: =IF(OR($I11="Čaká na biznis",$J11="Biznis",$J11="Švédsky biznis"),"ÁNO","")
K12: =IF(OR($I12="Čaká na integráciu",$J12="Integrácia"),"ÁNO","") | L12: =IF(OR($I12="Čaká na biznis",$J12="Biznis",$J12="Švédsky biznis"),"ÁNO","")
K13: =IF(OR($I13="Čaká na integráciu",$J13="Integrácia"),"ÁNO","") | L13: =IF(OR($I13="Čaká na biznis",$J13="Biznis",$J13="Švédsky biznis"),"ÁNO","")
... K2000: =IF(OR($I2000="Čaká na integráciu",$J2000="Integrácia"),"ÁNO","") | L2000: =IF(OR($I2000="Čaká na biznis",$J2000="Biznis",$J2000="Švédsky biznis"),"ÁNO","")

Sheet Dashboard
A1: eGOV – Defekty & požiadavky: prehľad
A3: Dátum: | B3: 46042
A5: KPI | D5: Rozdelenie podľa Delivery stavu | G5: Rozdelenie podľa Čaká na
A6: Metika | B6: Hodnota | D6: Delivery stav | E6: Počet | G6: Čaká na | H6: Počet
A7: Celkom položiek | B7: =COUNTA(Register!$A$2:$A$2000) -> 0 | D7: New | E7: =COUNTIF(Register!$I$2:$I$2000,D7) -> 0 | G7: Biznis | H7: =COUNTIF(Register!$J$2:$J$2000,G7) -> 0
A8: Otvorené | B8: =COUNTA(Register!$A$2:$A$2000)-COUNTIF(Register!$I$2:$I$2000,"Uzavreté")-COUNTIF(Register!$I$2:$I$2000,"Nasadené")-COUNTIF(Register!$I$2:$I$2000,"Zamietnuté")-COUNTIF(Register!$I$2:$I$2000,"Odložené") -> 0 | D8: Triage | E8: =COUNTIF(Register!$I$2:$I$2000,D8) -> 0 | G8: Švédsky biznis | H8: =COUNTIF(Register!$J$2:$J$2000,G8) -> 0
A9: Po deadline (overdue) | B9: =COUNTIFS(Register!$O$2:$O$2000,"<"&TODAY(),Register!$O$2:$O$2000,"<>",Register!$I$2:$I$2000,"<>Uzavreté",Register!$I$2:$I$2000,"<>Nasadené",Register!$I$2:$I$2000,"<>Zamietnuté",Register!$I$2:$I$2000,"<>Odložené") -> 0 | D9: Analýza | E9: =COUNTIF(Register!$I$2:$I$2000,D9) -> 0 | G9: Dizajn | H9: =COUNTIF(Register!$J$2:$J$2000,G9) -> 0
A10: Deadline do 7 dní | B10: =COUNTIFS(Register!$O$2:$O$2000,">="&TODAY(),Register!$O$2:$O$2000,"<="&TODAY()+7,Register!$O$2:$O$2000,"<>",Register!$I$2:$I$2000,"<>Uzavreté",Register!$I$2:$I$2000,"<>Nasadené",Register!$I$2:$I$2000,"<>Zamietnuté",Register!$I$2:$I$2000,"<>Odložené") -> 0 | D10: Čaká na biznis | E10: =COUNTIF(Register!$I$2:$I$2000,D10) -> 0 | G10: Integrácia | H10: =COUNTIF(Register!$J$2:$J$2000,G10) -> 0
A11: Čaká na biznis | B11: =COUNTIF(Register!$L$2:$L$2000,"ÁNO") -> 0 | D11: Čaká na dizajn | E11: =COUNTIF(Register!$I$2:$I$2000,D11) -> 0 | G11: Dodávateľ | H11: =COUNTIF(Register!$J$2:$J$2000,G11) -> 0
A12: Čaká na dizajn | B12: =COUNTIF(Register!#REF!,"ÁNO") -> #REF! | D12: Čaká na integráciu | E12: =COUNTIF(Register!$I$2:$I$2000,D12) -> 0 | G12: Infra/DevOps | H12: =COUNTIF(Register!$J$2:$J$2000,G12) -> 0
A13: Čaká na integráciu | B13: =COUNTIF(Register!$K$2:$K$2000,"ÁNO") -> 0 | D13: V implementácii | E13: =COUNTIF(Register!$I$2:$I$2000,D13) -> 0 | G13: Bez blokéra | H13: =COUNTIF(Register!$J$2:$J$2000,G13) -> 0
A14: Nesúlad stavov (CHECK) | B14: =COUNTIF(Register!#REF!,"CHECK") -> #REF! | D14: V testovaní | E14: =COUNTIF(Register!$I$2:$I$2000,D14) -> 0
A15: Bez update >14 dní | B15: =COUNTIFS(Register!#REF!,"<"&TODAY()-14,Register!#REF!,"<>",Register!$I$2:$I$2000,"<>Uzavreté",Register!$I$2:$I$2000,"<>Nasadené",Register!$I$2:$I$2000,"<>Zamietnuté",Register!$I$2:$I$2000,"<>Odložené") -> #REF! | D15: IRQ pripravené | E15: =COUNTIF(Register!$I$2:$I$2000,D15) -> 0
D16: Ready for acceptance | E16: =COUNTIF(Register!$I$2:$I$2000,D16) -> 0
D17: V akceptácii | E17: =COUNTIF(Register!$I$2:$I$2000,D17) -> 0
D18: Akceptované | E18: =COUNTIF(Register!$I$2:$I$2000,D18) -> 0
D19: Plánované nasadenie | E19: =COUNTIF(Register!$I$2:$I$2000,D19) -> 0
D20: Nasadené | E20: =COUNTIF(Register!$I$2:$I$2000,D20) -> 0
D21: Uzavreté | E21: =COUNTIF(Register!$I$2:$I$2000,D21) -> 0
D22: Odložené | E22: =COUNTIF(Register!$I$2:$I$2000,D22) -> 0
D23: Zamietnuté | E23: =COUNTIF(Register!$I$2:$I$2000,D23) -> 0

Sheet Lists
A1: Zoznamy pre dropdowny (nemeniť štruktúru, iba hodnoty)
A2: zdroj | B2: typ | C2: priorita | D2: severity | E2: delivery_stav | F2: caka_na | G2: prostredie | H2: ano_nie | I2: mismatch
A3: Bugtracker | B3: Defekt | C3: P0 - kritická | D3: S1 | E3: New | G3: DEV
A4: Email | B4: Požiadavka | C4: P1 - vysoká | D4: S2 | E4: Triage | F4: Biznis | G4: INT | H4: ÁNO | I4: CHECK
A5: Meeting notes | B5: Change request | C5: P2 - stredná | D5: S3 | E5: Analýza | F5: Švédsky biznis | G5: UAT | H5: NIE
A6: Chat | B6: Technický dlh | C6: P3 - nízka | D6: S4 | E6: Čaká na biznis | F6: Dizajn | G6: PROD
A7: Iné | E7: Čaká na dizajn | F7: Integrácia
E8: Čaká na integráciu | F8: Dodávateľ
E9: V implementácii | F9: Infra/DevOps
E10: V testovaní | F10: Bez blokéra
E11: IRQ pripravené
E12: Ready for acceptance
E13: V akceptácii
E14: Akceptované
E15: Plánované nasadenie
E16: Nasadené
E17: Uzavreté
E18: Odložené
E19: Zamietnuté

Sheet Navod
A1: Ako používať register
A3: 1) Každý defekt/požiadavka je 1 riadok v hárku 'Register'.
A4: 2) Kľúčové polia pre operatívny prehľad: Delivery stav, Čaká na (kto), Blokér, Posledná aktualizácia, Deadline.
A5: 3) Stĺpce Integrácia?/Biznis?/Dizajn? sa dopĺňajú automaticky podľa 'Delivery stav' a 'Čaká na'.
A6: 4) Ak je v 'Čaká na (kto)' hodnota (a nie je to 'Bez blokéra'), vyplň aj 'Blokér / na kom to stojí'.
A7: 5) 'Stav nesedí?' sa vyhodnotí na CHECK, ak tracker stav vyzerá byť vpredu oproti internému Delivery stavu (orientačne).
A8: V takom prípade doplň 'Poznámka k nesúladu' (napr. 'IRQ pripravené, treba prepnúť v trackeri na Fix it' alebo 'čakáme na acceptance, prosím o potvrdenie biznisu').
A9: 6) Dashboard sa aktualizuje automaticky (počty podľa stavov, čaká na, deadline).
A10: 7) Odporúčaná disciplína: pri každej zmene alebo novej informácii aktualizuj 'Posledná aktualizácia' (yyyy-mm-dd).
A11: 8) Farby: červená = po deadline, oranžová = deadline do 7 dní, modrá = nesúlad stavov, žltá v stĺpci Blokér = čaká na niekoho, ale chýba blokér.
